id,created_at,updated_at,promoted_at,width,height,color,description,alt_description,urls/raw,urls/full,urls/regular,urls/small,urls/thumb,links/self,links/html,links/download,links/download_location,likes,liked_by_user,user/id,user/updated_at,user/username,user/name,user/first_name,user/last_name,user/twitter_username,user/portfolio_url,user/bio,user/location,user/links/self,user/links/html,user/links/photos,user/links/likes,user/links/portfolio,user/links/following,user/links/followers,user/profile_image/small,user/profile_image/medium,user/profile_image/large,user/instagram_username,user/total_collections,user/total_likes,user/total_photos,user/accepted_tos,sponsorship/impression_urls/0,sponsorship/tagline,sponsorship/sponsor/id,sponsorship/sponsor/updated_at,sponsorship/sponsor/username,sponsorship/sponsor/name,sponsorship/sponsor/first_name,sponsorship/sponsor/last_name,sponsorship/sponsor/twitter_username,sponsorship/sponsor/portfolio_url,sponsorship/sponsor/bio,sponsorship/sponsor/location,sponsorship/sponsor/links/self,sponsorship/sponsor/links/html,sponsorship/sponsor/links/photos,sponsorship/sponsor/links/likes,sponsorship/sponsor/links/portfolio,sponsorship/sponsor/links/following,sponsorship/sponsor/links/followers,sponsorship/sponsor/profile_image/small,sponsorship/sponsor/profile_image/medium,sponsorship/sponsor/profile_image/large,sponsorship/sponsor/instagram_username,sponsorship/sponsor/total_collections,sponsorship/sponsor/total_likes,sponsorship/sponsor/total_photos,sponsorship/sponsor/accepted_tos
"QNWLBff7f9M,2019-07-11T19:19:09-04:00,2020-04-07T01:04:39-04:00,,7680,4320,#19161B,,assorted makeup palette on white surface,https://images.unsplash.com/photo-1562887085-d0aa7ff20b95?ixlib=rb-1.2.1&ixid=eyJhcHBfaWQiOjk2MzA1fQ,https://images.unsplash.com/photo-1562887085-d0aa7ff20b95?ixlib=rb-1.2.1&q=85&fm=jpg&crop=entropy&cs=srgb&ixid=eyJhcHBfaWQiOjk2MzA1fQ,https://images.unsplash.com/photo-1562887085-d0aa7ff20b95?ixlib=rb-1.2.1&q=80&fm=jpg&crop=entropy&cs=tinysrgb&w=1080&fit=max&ixid=eyJhcHBfaWQiOjk2MzA1fQ,https://images.unsplash.com/photo-1562887085-d0aa7ff20b95?ixlib=rb-1.2.1&q=80&fm=jpg&crop=entropy&cs=tinysrgb&w=400&fit=max&ixid=eyJhcHBfaWQiOjk2MzA1fQ,https://images.unsplash.com/photo-1562887085-d0aa7ff20b95?ixlib=rb-1.2.1&q=80&fm=jpg&crop=entropy&cs=tinysrgb&w=200&fit=max&ixid=eyJhcHBfaWQiOjk2MzA1fQ,https://api.unsplash.com/photos/QNWLBff7f9M,https://unsplash.com/photos/QNWLBff7f9M,https://unsplash.com/photos/QNWLBff7f9M/download,https://api.unsplash.com/photos/QNWLBff7f9M/download,470,false,o9M2-GtNlBE,2020-04-09T11:43:02-04:00,honest,The Honest Company,The Honest Company,,honest,https://www.honest.com/,""Our mission is to empower people to live healthy, happy lives. We're committed to creating effective, safe, delightful, accessible, responsible products."",,https://api.unsplash.com/users/honest,https://unsplash.com/@honest,https://api.unsplash.com/users/honest/photos,https://api.unsplash.com/users/honest/likes,https://api.unsplash.com/users/honest/portfolio,https://api.unsplash.com/users/honest/following,https://api.unsplash.com/users/honest/followers,https://images.unsplash.com/profile-1562879881254-56eb37673331?ixlib=rb-1.2.1&q=80&fm=jpg&crop=faces&cs=tinysrgb&fit=crop&h=32&w=32,https://images.unsplash.com/profile-1562879881254-56eb37673331?ixlib=rb-1.2.1&q=80&fm=jpg&crop=faces&cs=tinysrgb&fit=crop&h=64&w=64,https://images.unsplash.com/profile-1562879881254-56eb37673331?ixlib=rb-1.2.1&q=80&fm=jpg&crop=faces&cs=tinysrgb&fit=crop&h=128&w=128,honest,0,0,65,true,https://secure.insightexpressai.com/adServer/adServerESI.aspx?script=false&bannerID=5209890&rnd=unsplash&redir=https://secure.insightexpressai.com/adserver/1pixel.gif,Clean beauty that works.,o9M2-GtNlBE,2020-04-09T11:43:02-04:00,honest,The Honest Company,The Honest Company,,honest,https://www.honest.com/,""Our mission is to empower people to live healthy, happy lives. We're committed to creating effective, safe, delightful, accessible, responsible products."",,https://api.unsplash.com/users/honest,https://unsplash.com/@honest,https://api.unsplash.com/users/honest/photos,https://api.unsplash.com/users/honest/likes,https://api.unsplash.com/users/honest/portfolio,https://api.unsplash.com/users/honest/following,https://api.unsplash.com/users/honest/followers,https://images.unsplash.com/profile-1562879881254-56eb37673331?ixlib=rb-1.2.1&q=80&fm=jpg&crop=faces&cs=tinysrgb&fit=crop&h=32&w=32,https://images.unsplash.com/profile-1562879881254-56eb37673331?ixlib=rb-1.2.1&q=80&fm=jpg&crop=faces&cs=tinysrgb&fit=crop&h=64&w=64,https://images.unsplash.com/profile-1562879881254-56eb37673331?ixlib=rb-1.2.1&q=80&fm=jpg&crop=faces&cs=tinysrgb&fit=crop&h=128&w=128,honest,0,0,65,true"
"2bPy3t1rc7A,2020-04-08T07:30:16-04:00,2020-04-09T14:00:04-04:00,2020-04-09T14:00:04-04:00,4000,6000,#0F0D0F,,white and black clothes hanging on black steel rack,https://images.unsplash.com/photo-1586345329539-39ee84eb7a0d?ixlib=rb-1.2.1&ixid=eyJhcHBfaWQiOjk2MzA1fQ,https://images.unsplash.com/photo-1586345329539-39ee84eb7a0d?ixlib=rb-1.2.1&q=85&fm=jpg&crop=entropy&cs=srgb&ixid=eyJhcHBfaWQiOjk2MzA1fQ,https://images.unsplash.com/photo-1586345329539-39ee84eb7a0d?ixlib=rb-1.2.1&q=80&fm=jpg&crop=entropy&cs=tinysrgb&w=1080&fit=max&ixid=eyJhcHBfaWQiOjk2MzA1fQ,https://images.unsplash.com/photo-1586345329539-39ee84eb7a0d?ixlib=rb-1.2.1&q=80&fm=jpg&crop=entropy&cs=tinysrgb&w=400&fit=max&ixid=eyJhcHBfaWQiOjk2MzA1fQ,https://images.unsplash.com/photo-1586345329539-39ee84eb7a0d?ixlib=rb-1.2.1&q=80&fm=jpg&crop=entropy&cs=tinysrgb&w=200&fit=max&ixid=eyJhcHBfaWQiOjk2MzA1fQ,https://api.unsplash.com/photos/2bPy3t1rc7A,https://unsplash.com/photos/2bPy3t1rc7A,https://unsplash.com/photos/2bPy3t1rc7A/download,https://api.unsplash.com/photos/2bPy3t1rc7A/download,10,false,WMV7M4uPnhk,2020-04-09T14:00:04-04:00,lexyism,alexandra lammerink,alexandra,lammerink,,,look at the bright side ,""Bali, Indonesia"",https://api.unsplash.com/users/lexyism,https://unsplash.com/@lexyism,https://api.unsplash.com/users/lexyism/photos,https://api.unsplash.com/users/lexyism/likes,https://api.unsplash.com/users/lexyism/portfolio,https://api.unsplash.com/users/lexyism/following,https://api.unsplash.com/users/lexyism/followers,https://images.unsplash.com/profile-1585733948573-a289fcd3b6fcimage?ixlib=rb-1.2.1&q=80&fm=jpg&crop=faces&cs=tinysrgb&fit=crop&h=32&w=32,https://images.unsplash.com/profile-1585733948573-a289fcd3b6fcimage?ixlib=rb-1.2.1&q=80&fm=jpg&crop=faces&cs=tinysrgb&fit=crop&h=64&w=64,https://images.unsplash.com/profile-1585733948573-a289fcd3b6fcimage?ixlib=rb-1.2.1&q=80&fm=jpg&crop=faces&cs=tinysrgb&fit=crop&h=128&w=128,lexyism,0,0,51,true,,,,,,,,,,,,,,,,,,,,,,,,,,,"
"3oOjpLLgiBE,2020-04-08T16:33:11-04:00,2020-04-09T13:48:02-04:00,2020-04-09T13:48:02-04:00,4810,3207,#ECF1F0,Meal kit,green vegetable on white and blue net,https://images.unsplash.com/photo-1586377886108-f18536dcef5e?ixlib=rb-1.2.1&ixid=eyJhcHBfaWQiOjk2MzA1fQ,https://images.unsplash.com/photo-1586377886108-f18536dcef5e?ixlib=rb-1.2.1&q=85&fm=jpg&crop=entropy&cs=srgb&ixid=eyJhcHBfaWQiOjk2MzA1fQ,https://images.unsplash.com/photo-1586377886108-f18536dcef5e?ixlib=rb-1.2.1&q=80&fm=jpg&crop=entropy&cs=tinysrgb&w=1080&fit=max&ixid=eyJhcHBfaWQiOjk2MzA1fQ,https://images.unsplash.com/photo-1586377886108-f18536dcef5e?ixlib=rb-1.2.1&q=80&fm=jpg&crop=entropy&cs=tinysrgb&w=400&fit=max&ixid=eyJhcHBfaWQiOjk2MzA1fQ,https://images.unsplash.com/photo-1586377886108-f18536dcef5e?ixlib=rb-1.2.1&q=80&fm=jpg&crop=entropy&cs=tinysrgb&w=200&fit=max&ixid=eyJhcHBfaWQiOjk2MzA1fQ,https://api.unsplash.com/photos/3oOjpLLgiBE,https://unsplash.com/photos/3oOjpLLgiBE,https://unsplash.com/photos/3oOjpLLgiBE/download,https://api.unsplash.com/photos/3oOjpLLgiBE/download,3,false,TcM6KNRCu1o,2020-04-09T14:15:39-04:00,micheile,Micheile Henderson,Micheile,Henderson,VisualStoriesNL,http://visualstories.nl,""I'm a content maker/blogger at Visual Stores [.nl]"

I'm a photography enthusiast! 

If you live in the Rotterdam / South Holland area and are interested in photo walks / meets let me know!

#payitforward #unsplashphotoclub
",Rotterdam, The Netherlands"",https://api.unsplash.com/users/micheile,https://unsplash.com/@micheile,https://api.unsplash.com/users/micheile/photos,https://api.unsplash.com/users/micheile/likes,https://api.unsplash.com/users/micheile/portfolio,https://api.unsplash.com/users/micheile/following,https://api.unsplash.com/users/micheile/followers,https://images.unsplash.com/profile-1584292737383-684bbe257485image?ixlib=rb-1.2.1&q=80&fm=jpg&crop=faces&cs=tinysrgb&fit=crop&h=32&w=32,https://images.unsplash.com/profile-1584292737383-684bbe257485image?ixlib=rb-1.2.1&q=80&fm=jpg&crop=faces&cs=tinysrgb&fit=crop&h=64&w=64,https://images.unsplash.com/profile-1584292737383-684bbe257485image?ixlib=rb-1.2.1&q=80&fm=jpg&crop=faces&cs=tinysrgb&fit=crop&h=128&w=128,micheile010,222,11157,694,true,,,,,,,,,,,,,,,,,,,,,,,,,,,"
"eSDn4sgdbMg,2020-04-09T13:27:25-04:00,2020-04-09T13:45:01-04:00,2020-04-09T13:45:01-04:00,5760,3840,#D5DFE2,,,https://images.unsplash.com/photo-1586453160490-c6f298678a6d?ixlib=rb-1.2.1&ixid=eyJhcHBfaWQiOjk2MzA1fQ,https://images.unsplash.com/photo-1586453160490-c6f298678a6d?ixlib=rb-1.2.1&q=85&fm=jpg&crop=entropy&cs=srgb&ixid=eyJhcHBfaWQiOjk2MzA1fQ,https://images.unsplash.com/photo-1586453160490-c6f298678a6d?ixlib=rb-1.2.1&q=80&fm=jpg&crop=entropy&cs=tinysrgb&w=1080&fit=max&ixid=eyJhcHBfaWQiOjk2MzA1fQ,https://images.unsplash.com/photo-1586453160490-c6f298678a6d?ixlib=rb-1.2.1&q=80&fm=jpg&crop=entropy&cs=tinysrgb&w=400&fit=max&ixid=eyJhcHBfaWQiOjk2MzA1fQ,https://images.unsplash.com/photo-1586453160490-c6f298678a6d?ixlib=rb-1.2.1&q=80&fm=jpg&crop=entropy&cs=tinysrgb&w=200&fit=max&ixid=eyJhcHBfaWQiOjk2MzA1fQ,https://api.unsplash.com/photos/eSDn4sgdbMg,https://unsplash.com/photos/eSDn4sgdbMg,https://unsplash.com/photos/eSDn4sgdbMg/download,https://api.unsplash.com/photos/eSDn4sgdbMg/download,8,false,zmHAx844_-o,2020-04-09T13:45:02-04:00,vdapinto,Vitor Pinto,Vitor,Pinto,,,""Photographer & Graphic Designer."

 It would be awesome to see where my photos are being used. Show me:
"vitordanielpinto@gmail.com IG: @vdapinto"",""Braga, Portugal"",https://api.unsplash.com/users/vdapinto,https://unsplash.com/@vdapinto,https://api.unsplash.com/users/vdapinto/photos,https://api.unsplash.com/users/vdapinto/likes,https://api.unsplash.com/users/vdapinto/portfolio,https://api.unsplash.com/users/vdapinto/following,https://api.unsplash.com/users/vdapinto/followers,https://images.unsplash.com/profile-1520615002031-0955cb876e9d?ixlib=rb-1.2.1&q=80&fm=jpg&crop=faces&cs=tinysrgb&fit=crop&h=32&w=32,https://images.unsplash.com/profile-1520615002031-0955cb876e9d?ixlib=rb-1.2.1&q=80&fm=jpg&crop=faces&cs=tinysrgb&fit=crop&h=64&w=64,https://images.unsplash.com/profile-1520615002031-0955cb876e9d?ixlib=rb-1.2.1&q=80&fm=jpg&crop=faces&cs=tinysrgb&fit=crop&h=128&w=128,vdapinto,3,189,143,true,,,,,,,,,,,,,,,,,,,,,,,,,,,"
ObEK5-0pgw4,2020-04-07T10:18:24-04:00,2020-04-09T13:42:02-04:00,2020-04-09T13:42:02-04:00,4480,6720,#DDE1E4,,man in blue denim jacket and black pants sitting on black metal frame,https://images.unsplash.com/photo-1586268897519-4a435261583f?ixlib=rb-1.2.1&ixid=eyJhcHBfaWQiOjk2MzA1fQ,https://images.unsplash.com/photo-1586268897519-4a435261583f?ixlib=rb-1.2.1&q=85&fm=jpg&crop=entropy&cs=srgb&ixid=eyJhcHBfaWQiOjk2MzA1fQ,https://images.unsplash.com/photo-1586268897519-4a435261583f?ixlib=rb-1.2.1&q=80&fm=jpg&crop=entropy&cs=tinysrgb&w=1080&fit=max&ixid=eyJhcHBfaWQiOjk2MzA1fQ,https://images.unsplash.com/photo-1586268897519-4a435261583f?ixlib=rb-1.2.1&q=80&fm=jpg&crop=entropy&cs=tinysrgb&w=400&fit=max&ixid=eyJhcHBfaWQiOjk2MzA1fQ,https://images.unsplash.com/photo-1586268897519-4a435261583f?ixlib=rb-1.2.1&q=80&fm=jpg&crop=entropy&cs=tinysrgb&w=200&fit=max&ixid=eyJhcHBfaWQiOjk2MzA1fQ,https://api.unsplash.com/photos/ObEK5-0pgw4,https://unsplash.com/photos/ObEK5-0pgw4,https://unsplash.com/photos/ObEK5-0pgw4/download,https://api.unsplash.com/photos/ObEK5-0pgw4/download,4,false,dG6lZyj-wvM,2020-04-09T13:42:04-04:00,nate_dumlao,Nathan Dumlao,Nathan,Dumlao,Nate_Dumlao,http://www.nathandumlaophotos.com,Brand Consultant and Content Creator living in Los Angeles. Working with brands and companies looking to tell engaging stories with beautiful images and video.,Los Angeles,https://api.unsplash.com/users/nate_dumlao,https://unsplash.com/@nate_dumlao,https://api.unsplash.com/users/nate_dumlao/photos,https://api.unsplash.com/users/nate_dumlao/likes,https://api.unsplash.com/users/nate_dumlao/portfolio,https://api.unsplash.com/users/nate_dumlao/following,https://api.unsplash.com/users/nate_dumlao/followers,https://images.unsplash.com/profile-1495427732560-fe5248ad6638?ixlib=rb-1.2.1&q=80&fm=jpg&crop=faces&cs=tinysrgb&fit=crop&h=32&w=32,https://images.unsplash.com/profile-1495427732560-fe5248ad6638?ixlib=rb-1.2.1&q=80&fm=jpg&crop=faces&cs=tinysrgb&fit=crop&h=64&w=64,https://images.unsplash.com/profile-1495427732560-fe5248ad6638?ixlib=rb-1.2.1&q=80&fm=jpg&crop=faces&cs=tinysrgb&fit=crop&h=128&w=128,nate_dumlao,4,1291,2153,true,,,,,,,,,,,,,,,,,,,,,,,,,,,
"sMzlrCmZSwY,2020-04-09T13:23:16-04:00,2020-04-09T13:39:03-04:00,2020-04-09T13:39:03-04:00,4113,5758,#FAF8F4,Bright moon through the pass.,,https://images.unsplash.com/photo-1586452896458-54abf20b3d36?ixlib=rb-1.2.1&ixid=eyJhcHBfaWQiOjk2MzA1fQ,https://images.unsplash.com/photo-1586452896458-54abf20b3d36?ixlib=rb-1.2.1&q=85&fm=jpg&crop=entropy&cs=srgb&ixid=eyJhcHBfaWQiOjk2MzA1fQ,https://images.unsplash.com/photo-1586452896458-54abf20b3d36?ixlib=rb-1.2.1&q=80&fm=jpg&crop=entropy&cs=tinysrgb&w=1080&fit=max&ixid=eyJhcHBfaWQiOjk2MzA1fQ,https://images.unsplash.com/photo-1586452896458-54abf20b3d36?ixlib=rb-1.2.1&q=80&fm=jpg&crop=entropy&cs=tinysrgb&w=400&fit=max&ixid=eyJhcHBfaWQiOjk2MzA1fQ,https://images.unsplash.com/photo-1586452896458-54abf20b3d36?ixlib=rb-1.2.1&q=80&fm=jpg&crop=entropy&cs=tinysrgb&w=200&fit=max&ixid=eyJhcHBfaWQiOjk2MzA1fQ,https://api.unsplash.com/photos/sMzlrCmZSwY,https://unsplash.com/photos/sMzlrCmZSwY,https://unsplash.com/photos/sMzlrCmZSwY/download,https://api.unsplash.com/photos/sMzlrCmZSwY/download,12,false,gVqrdOZxG4E,2020-04-09T13:39:22-04:00,frankielopez,Frankie Lopez,Frankie,Lopez,,https://www.instagram.com/frankielopez9_photos/,i really have no idea what i'm doing *** just point and shoot,""Tucson, AZ"",https://api.unsplash.com/users/frankielopez,https://unsplash.com/@frankielopez,https://api.unsplash.com/users/frankielopez/photos,https://api.unsplash.com/users/frankielopez/likes,https://api.unsplash.com/users/frankielopez/portfolio,https://api.unsplash.com/users/frankielopez/following,https://api.unsplash.com/users/frankielopez/followers,https://images.unsplash.com/profile-1553406943088-6ada29d5b52a?ixlib=rb-1.2.1&q=80&fm=jpg&crop=faces&cs=tinysrgb&fit=crop&h=32&w=32,https://images.unsplash.com/profile-1553406943088-6ada29d5b52a?ixlib=rb-1.2.1&q=80&fm=jpg&crop=faces&cs=tinysrgb&fit=crop&h=64&w=64,https://images.unsplash.com/profile-1553406943088-6ada29d5b52a?ixlib=rb-1.2.1&q=80&fm=jpg&crop=faces&cs=tinysrgb&fit=crop&h=128&w=128,frankielopez9_photos/,0,52,123,true,,,,,,,,,,,,,,,,,,,,,,,,,,,"
"94Dwn0WqMGU,2020-04-09T13:26:09-04:00,2020-04-09T13:45:06-04:00,2020-04-09T13:36:01-04:00,2667,4000,#E8E1D5,""Young woman closeup of the face posing with sunglasses."

"Model IG: https://www.instagram.com/getuu_/"",,https://images.unsplash.com/photo-1586453028198-e7d9547fd83b?ixlib=rb-1.2.1&ixid=eyJhcHBfaWQiOjk2MzA1fQ,https://images.unsplash.com/photo-1586453028198-e7d9547fd83b?ixlib=rb-1.2.1&q=85&fm=jpg&crop=entropy&cs=srgb&ixid=eyJhcHBfaWQiOjk2MzA1fQ,https://images.unsplash.com/photo-1586453028198-e7d9547fd83b?ixlib=rb-1.2.1&q=80&fm=jpg&crop=entropy&cs=tinysrgb&w=1080&fit=max&ixid=eyJhcHBfaWQiOjk2MzA1fQ,https://images.unsplash.com/photo-1586453028198-e7d9547fd83b?ixlib=rb-1.2.1&q=80&fm=jpg&crop=entropy&cs=tinysrgb&w=400&fit=max&ixid=eyJhcHBfaWQiOjk2MzA1fQ,https://images.unsplash.com/photo-1586453028198-e7d9547fd83b?ixlib=rb-1.2.1&q=80&fm=jpg&crop=entropy&cs=tinysrgb&w=200&fit=max&ixid=eyJhcHBfaWQiOjk2MzA1fQ,https://api.unsplash.com/photos/94Dwn0WqMGU,https://unsplash.com/photos/94Dwn0WqMGU,https://unsplash.com/photos/94Dwn0WqMGU/download,https://api.unsplash.com/photos/94Dwn0WqMGU/download,2,false,wHIAsA0n35o,2020-04-09T13:39:20-04:00,kev200,Kevin Lehtla,Kevin,Lehtla,KevinLehtla,http://kevinlehtla.ee,Hey I am Kevin Lehtla from Estonia! Currently working as a Web Designer & a Front End Developer. I am also very passionate about photography so every second i get to shoot pictures i want to share them.,Estonia,https://api.unsplash.com/users/kev200,https://unsplash.com/@kev200,https://api.unsplash.com/users/kev200/photos,https://api.unsplash.com/users/kev200/likes,https://api.unsplash.com/users/kev200/portfolio,https://api.unsplash.com/users/kev200/following,https://api.unsplash.com/users/kev200/followers,https://images.unsplash.com/profile-1561390823379-1d466f239e07?ixlib=rb-1.2.1&q=80&fm=jpg&crop=faces&cs=tinysrgb&fit=crop&h=32&w=32,https://images.unsplash.com/profile-1561390823379-1d466f239e07?ixlib=rb-1.2.1&q=80&fm=jpg&crop=faces&cs=tinysrgb&fit=crop&h=64&w=64,https://images.unsplash.com/profile-1561390823379-1d466f239e07?ixlib=rb-1.2.1&q=80&fm=jpg&crop=faces&cs=tinysrgb&fit=crop&h=128&w=128,kevvu_l_photo,0,12,83,true,,,,,,,,,,,,,,,,,,,,,,,,,,,"
"SUMd8eJ-jaM,2020-04-09T12:23:35-04:00,2020-04-09T13:12:04-04:00,2020-04-09T13:12:04-04:00,5472,3648,#FA0101,""Coronavirus / Covid-19 cases in the world. (9.04.2020)"
"Source: Center for Systems Science and Engineering (CSSE) at JHU"",,https://images.unsplash.com/photo-1586448910234-297fae7189e6?ixlib=rb-1.2.1&ixid=eyJhcHBfaWQiOjk2MzA1fQ,https://images.unsplash.com/photo-1586448910234-297fae7189e6?ixlib=rb-1.2.1&q=85&fm=jpg&crop=entropy&cs=srgb&ixid=eyJhcHBfaWQiOjk2MzA1fQ,https://images.unsplash.com/photo-1586448910234-297fae7189e6?ixlib=rb-1.2.1&q=80&fm=jpg&crop=entropy&cs=tinysrgb&w=1080&fit=max&ixid=eyJhcHBfaWQiOjk2MzA1fQ,https://images.unsplash.com/photo-1586448910234-297fae7189e6?ixlib=rb-1.2.1&q=80&fm=jpg&crop=entropy&cs=tinysrgb&w=400&fit=max&ixid=eyJhcHBfaWQiOjk2MzA1fQ,https://images.unsplash.com/photo-1586448910234-297fae7189e6?ixlib=rb-1.2.1&q=80&fm=jpg&crop=entropy&cs=tinysrgb&w=200&fit=max&ixid=eyJhcHBfaWQiOjk2MzA1fQ,https://api.unsplash.com/photos/SUMd8eJ-jaM,https://unsplash.com/photos/SUMd8eJ-jaM,https://unsplash.com/photos/SUMd8eJ-jaM/download,https://api.unsplash.com/photos/SUMd8eJ-jaM/download,5,false,W5iEwO5jElY,2020-04-09T13:44:14-04:00,kobuagency,KOBU Agency,KOBU,Agency,,https://kobu.agency,""A laboratory for design and digital experiences based in Portugal. Behind every project we take there is a group of curious human beings with a passion for pushing forward and exploring ways to inspire and grow."

"What's your story? hello@kobu.pt "",""Faro, Portugal"",https://api.unsplash.com/users/kobuagency,https://unsplash.com/@kobuagency,https://api.unsplash.com/users/kobuagency/photos,https://api.unsplash.com/users/kobuagency/likes,https://api.unsplash.com/users/kobuagency/portfolio,https://api.unsplash.com/users/kobuagency/following,https://api.unsplash.com/users/kobuagency/followers,https://images.unsplash.com/profile-1582208362589-47b9ac136b3aimage?ixlib=rb-1.2.1&q=80&fm=jpg&crop=faces&cs=tinysrgb&fit=crop&h=32&w=32,https://images.unsplash.com/profile-1582208362589-47b9ac136b3aimage?ixlib=rb-1.2.1&q=80&fm=jpg&crop=faces&cs=tinysrgb&fit=crop&h=64&w=64,https://images.unsplash.com/profile-1582208362589-47b9ac136b3aimage?ixlib=rb-1.2.1&q=80&fm=jpg&crop=faces&cs=tinysrgb&fit=crop&h=128&w=128,kobuagency,10,180,74,true,,,,,,,,,,,,,,,,,,,,,,,,,,,"
Lv4Leqrn1oc,2020-04-09T12:30:26-04:00,2020-04-09T13:09:05-04:00,2020-04-09T13:09:05-04:00,6000,4000,#001C15,,,https://images.unsplash.com/photo-1586449775368-29b4b539616e?ixlib=rb-1.2.1&ixid=eyJhcHBfaWQiOjk2MzA1fQ,https://images.unsplash.com/photo-1586449775368-29b4b539616e?ixlib=rb-1.2.1&q=85&fm=jpg&crop=entropy&cs=srgb&ixid=eyJhcHBfaWQiOjk2MzA1fQ,https://images.unsplash.com/photo-1586449775368-29b4b539616e?ixlib=rb-1.2.1&q=80&fm=jpg&crop=entropy&cs=tinysrgb&w=1080&fit=max&ixid=eyJhcHBfaWQiOjk2MzA1fQ,https://images.unsplash.com/photo-1586449775368-29b4b539616e?ixlib=rb-1.2.1&q=80&fm=jpg&crop=entropy&cs=tinysrgb&w=400&fit=max&ixid=eyJhcHBfaWQiOjk2MzA1fQ,https://images.unsplash.com/photo-1586449775368-29b4b539616e?ixlib=rb-1.2.1&q=80&fm=jpg&crop=entropy&cs=tinysrgb&w=200&fit=max&ixid=eyJhcHBfaWQiOjk2MzA1fQ,https://api.unsplash.com/photos/Lv4Leqrn1oc,https://unsplash.com/photos/Lv4Leqrn1oc,https://unsplash.com/photos/Lv4Leqrn1oc/download,https://api.unsplash.com/photos/Lv4Leqrn1oc/download,4,false,WxojmGKwlKc,2020-04-09T13:09:05-04:00,mister_m,Imraumanzug,Imraumanzug,,,,,,https://api.unsplash.com/users/mister_m,https://unsplash.com/@mister_m,https://api.unsplash.com/users/mister_m/photos,https://api.unsplash.com/users/mister_m/likes,https://api.unsplash.com/users/mister_m/portfolio,https://api.unsplash.com/users/mister_m/following,https://api.unsplash.com/users/mister_m/followers,https://images.unsplash.com/profile-1520715070096-e958ddf833db?ixlib=rb-1.2.1&q=80&fm=jpg&crop=faces&cs=tinysrgb&fit=crop&h=32&w=32,https://images.unsplash.com/profile-1520715070096-e958ddf833db?ixlib=rb-1.2.1&q=80&fm=jpg&crop=faces&cs=tinysrgb&fit=crop&h=64&w=64,https://images.unsplash.com/profile-1520715070096-e958ddf833db?ixlib=rb-1.2.1&q=80&fm=jpg&crop=faces&cs=tinysrgb&fit=crop&h=128&w=128,mannimraumanzug,0,32,38,true,,,,,,,,,,,,,,,,,,,,,,,,,,,
"ls-nIl6Aw6Q,2020-04-09T11:14:19-04:00,2020-04-09T13:06:01-04:00,2020-04-09T13:06:01-04:00,6240,4160,#E3DDE1,,,https://images.unsplash.com/photo-1586445031431-bb8d72042746?ixlib=rb-1.2.1&ixid=eyJhcHBfaWQiOjk2MzA1fQ,https://images.unsplash.com/photo-1586445031431-bb8d72042746?ixlib=rb-1.2.1&q=85&fm=jpg&crop=entropy&cs=srgb&ixid=eyJhcHBfaWQiOjk2MzA1fQ,https://images.unsplash.com/photo-1586445031431-bb8d72042746?ixlib=rb-1.2.1&q=80&fm=jpg&crop=entropy&cs=tinysrgb&w=1080&fit=max&ixid=eyJhcHBfaWQiOjk2MzA1fQ,https://images.unsplash.com/photo-1586445031431-bb8d72042746?ixlib=rb-1.2.1&q=80&fm=jpg&crop=entropy&cs=tinysrgb&w=400&fit=max&ixid=eyJhcHBfaWQiOjk2MzA1fQ,https://images.unsplash.com/photo-1586445031431-bb8d72042746?ixlib=rb-1.2.1&q=80&fm=jpg&crop=entropy&cs=tinysrgb&w=200&fit=max&ixid=eyJhcHBfaWQiOjk2MzA1fQ,https://api.unsplash.com/photos/ls-nIl6Aw6Q,https://unsplash.com/photos/ls-nIl6Aw6Q,https://unsplash.com/photos/ls-nIl6Aw6Q/download,https://api.unsplash.com/photos/ls-nIl6Aw6Q/download,19,false,vUkxzXYdhfg,2020-04-09T13:47:23-04:00,kevinmueller,Kevin Mueller,Kevin,Mueller,,https://www.instagram.com/kevin.muellr/,""Twenty-something year old psychology student, based in Germany & capturing w/ Fujifilm X-Pro1 & X-T3.  ‚òû  Prints available: https://kevinmueller.darkroom.tech |  https://paypal.me/kevinmueller23  ‚òú"",""Saarland, Germany"",https://api.unsplash.com/users/kevinmueller,https://unsplash.com/@kevinmueller,https://api.unsplash.com/users/kevinmueller/photos,https://api.unsplash.com/users/kevinmueller/likes,https://api.unsplash.com/users/kevinmueller/portfolio,https://api.unsplash.com/users/kevinmueller/following,https://api.unsplash.com/users/kevinmueller/followers,https://images.unsplash.com/profile-1571771107045-fe994d8731deimage?ixlib=rb-1.2.1&q=80&fm=jpg&crop=faces&cs=tinysrgb&fit=crop&h=32&w=32,https://images.unsplash.com/profile-1571771107045-fe994d8731deimage?ixlib=rb-1.2.1&q=80&fm=jpg&crop=faces&cs=tinysrgb&fit=crop&h=64&w=64,https://images.unsplash.com/profile-1571771107045-fe994d8731deimage?ixlib=rb-1.2.1&q=80&fm=jpg&crop=faces&cs=tinysrgb&fit=crop&h=128&w=128,kevin.muellr,7,251,218,true,,,,,,,,,,,,,,,,,,,,,,,,,,,"
"MVx3Y17umaE,2019-05-27T14:17:46-04:00,2020-04-07T01:10:55-04:00,,8192,5466,#0E0F10,,black and gray touring motorcycle on wooden dock near brown field under gray and orange skies,https://images.unsplash.com/photo-1558981001-792f6c0d5068?ixlib=rb-1.2.1&ixid=eyJhcHBfaWQiOjk2MzA1fQ,https://images.unsplash.com/photo-1558981001-792f6c0d5068?ixlib=rb-1.2.1&q=85&fm=jpg&crop=entropy&cs=srgb&ixid=eyJhcHBfaWQiOjk2MzA1fQ,https://images.unsplash.com/photo-1558981001-792f6c0d5068?ixlib=rb-1.2.1&q=80&fm=jpg&crop=entropy&cs=tinysrgb&w=1080&fit=max&ixid=eyJhcHBfaWQiOjk2MzA1fQ,https://images.unsplash.com/photo-1558981001-792f6c0d5068?ixlib=rb-1.2.1&q=80&fm=jpg&crop=entropy&cs=tinysrgb&w=400&fit=max&ixid=eyJhcHBfaWQiOjk2MzA1fQ,https://images.unsplash.com/photo-1558981001-792f6c0d5068?ixlib=rb-1.2.1&q=80&fm=jpg&crop=entropy&cs=tinysrgb&w=200&fit=max&ixid=eyJhcHBfaWQiOjk2MzA1fQ,https://api.unsplash.com/photos/MVx3Y17umaE,https://unsplash.com/photos/MVx3Y17umaE,https://unsplash.com/photos/MVx3Y17umaE/download,https://api.unsplash.com/photos/MVx3Y17umaE/download,593,false,XnhDFu3Jr-A,2020-04-09T06:49:19-04:00,harleydavidson,Harley-Davidson,Harley-Davidson,,harleydavidson,https://www.harley-davidson.com/,""All for Freedom, Freedom for All. "",""Milwaukee, WI"",https://api.unsplash.com/users/harleydavidson,https://unsplash.com/@harleydavidson,https://api.unsplash.com/users/harleydavidson/photos,https://api.unsplash.com/users/harleydavidson/likes,https://api.unsplash.com/users/harleydavidson/portfolio,https://api.unsplash.com/users/harleydavidson/following,https://api.unsplash.com/users/harleydavidson/followers,https://images.unsplash.com/profile-1581523732368-f052bf86083dimage?ixlib=rb-1.2.1&q=80&fm=jpg&crop=faces&cs=tinysrgb&fit=crop&h=32&w=32,https://images.unsplash.com/profile-1581523732368-f052bf86083dimage?ixlib=rb-1.2.1&q=80&fm=jpg&crop=faces&cs=tinysrgb&fit=crop&h=64&w=64,https://images.unsplash.com/profile-1581523732368-f052bf86083dimage?ixlib=rb-1.2.1&q=80&fm=jpg&crop=faces&cs=tinysrgb&fit=crop&h=128&w=128,harleydavidson,2,45,53,true,https://secure.insightexpressai.com/adServer/adServerESI.aspx?script=false&bannerID=4948107&rnd=unsplash&redir=https://secure.insightexpressai.com/adserver/1pixel.gif,Explore the world of H-D,XnhDFu3Jr-A,2020-04-09T06:49:19-04:00,harleydavidson,Harley-Davidson,Harley-Davidson,,harleydavidson,https://www.harley-davidson.com/,""All for Freedom, Freedom for All. "",""Milwaukee, WI"",https://api.unsplash.com/users/harleydavidson,https://unsplash.com/@harleydavidson,https://api.unsplash.com/users/harleydavidson/photos,https://api.unsplash.com/users/harleydavidson/likes,https://api.unsplash.com/users/harleydavidson/portfolio,https://api.unsplash.com/users/harleydavidson/following,https://api.unsplash.com/users/harleydavidson/followers,https://images.unsplash.com/profile-1581523732368-f052bf86083dimage?ixlib=rb-1.2.1&q=80&fm=jpg&crop=faces&cs=tinysrgb&fit=crop&h=32&w=32,https://images.unsplash.com/profile-1581523732368-f052bf86083dimage?ixlib=rb-1.2.1&q=80&fm=jpg&crop=faces&cs=tinysrgb&fit=crop&h=64&w=64,https://images.unsplash.com/profile-1581523732368-f052bf86083dimage?ixlib=rb-1.2.1&q=80&fm=jpg&crop=faces&cs=tinysrgb&fit=crop&h=128&w=128,harleydavidson,2,45,53,true"
"p7qA1Vwih0Y,2020-04-09T12:18:48-04:00,2020-04-09T13:03:03-04:00,2020-04-09T13:03:03-04:00,3456,5184,#DDC6C0,,,https://images.unsplash.com/photo-1586448983242-a74e2b6d6c1b?ixlib=rb-1.2.1&ixid=eyJhcHBfaWQiOjk2MzA1fQ,https://images.unsplash.com/photo-1586448983242-a74e2b6d6c1b?ixlib=rb-1.2.1&q=85&fm=jpg&crop=entropy&cs=srgb&ixid=eyJhcHBfaWQiOjk2MzA1fQ,https://images.unsplash.com/photo-1586448983242-a74e2b6d6c1b?ixlib=rb-1.2.1&q=80&fm=jpg&crop=entropy&cs=tinysrgb&w=1080&fit=max&ixid=eyJhcHBfaWQiOjk2MzA1fQ,https://images.unsplash.com/photo-1586448983242-a74e2b6d6c1b?ixlib=rb-1.2.1&q=80&fm=jpg&crop=entropy&cs=tinysrgb&w=400&fit=max&ixid=eyJhcHBfaWQiOjk2MzA1fQ,https://images.unsplash.com/photo-1586448983242-a74e2b6d6c1b?ixlib=rb-1.2.1&q=80&fm=jpg&crop=entropy&cs=tinysrgb&w=200&fit=max&ixid=eyJhcHBfaWQiOjk2MzA1fQ,https://api.unsplash.com/photos/p7qA1Vwih0Y,https://unsplash.com/photos/p7qA1Vwih0Y,https://unsplash.com/photos/p7qA1Vwih0Y/download,https://api.unsplash.com/photos/p7qA1Vwih0Y/download,2,false,WHDTLoaHn3Q,2020-04-09T13:03:03-04:00,sincerelymedia,Sincerely Media,Sincerely Media,,,https://creativemarket.com/sincerelymedia,""My favourite subjects to capture are Minimalism, Flatlays and my friends. Send me a message for custom content. If you'd like to see more you can visit my Creative Market using the website link"",""Port Elizabeth, South Africa"",https://api.unsplash.com/users/sincerelymedia,https://unsplash.com/@sincerelymedia,https://api.unsplash.com/users/sincerelymedia/photos,https://api.unsplash.com/users/sincerelymedia/likes,https://api.unsplash.com/users/sincerelymedia/portfolio,https://api.unsplash.com/users/sincerelymedia/following,https://api.unsplash.com/users/sincerelymedia/followers,https://images.unsplash.com/profile-1574069925275-e7291803b9f6image?ixlib=rb-1.2.1&q=80&fm=jpg&crop=faces&cs=tinysrgb&fit=crop&h=32&w=32,https://images.unsplash.com/profile-1574069925275-e7291803b9f6image?ixlib=rb-1.2.1&q=80&fm=jpg&crop=faces&cs=tinysrgb&fit=crop&h=64&w=64,https://images.unsplash.com/profile-1574069925275-e7291803b9f6image?ixlib=rb-1.2.1&q=80&fm=jpg&crop=faces&cs=tinysrgb&fit=crop&h=128&w=128,sincerelymedia,50,703,1568,true,,,,,,,,,,,,,,,,,,,,,,,,,,,"
"sRgH_CIcM-M,2020-04-09T10:09:10-04:00,2020-04-09T13:00:03-04:00,2020-04-09T13:00:03-04:00,3583,5374,#FCCE22,,,https://images.unsplash.com/photo-1586441265413-6f7f03a6caf4?ixlib=rb-1.2.1&ixid=eyJhcHBfaWQiOjk2MzA1fQ,https://images.unsplash.com/photo-1586441265413-6f7f03a6caf4?ixlib=rb-1.2.1&q=85&fm=jpg&crop=entropy&cs=srgb&ixid=eyJhcHBfaWQiOjk2MzA1fQ,https://images.unsplash.com/photo-1586441265413-6f7f03a6caf4?ixlib=rb-1.2.1&q=80&fm=jpg&crop=entropy&cs=tinysrgb&w=1080&fit=max&ixid=eyJhcHBfaWQiOjk2MzA1fQ,https://images.unsplash.com/photo-1586441265413-6f7f03a6caf4?ixlib=rb-1.2.1&q=80&fm=jpg&crop=entropy&cs=tinysrgb&w=400&fit=max&ixid=eyJhcHBfaWQiOjk2MzA1fQ,https://images.unsplash.com/photo-1586441265413-6f7f03a6caf4?ixlib=rb-1.2.1&q=80&fm=jpg&crop=entropy&cs=tinysrgb&w=200&fit=max&ixid=eyJhcHBfaWQiOjk2MzA1fQ,https://api.unsplash.com/photos/sRgH_CIcM-M,https://unsplash.com/photos/sRgH_CIcM-M,https://unsplash.com/photos/sRgH_CIcM-M/download,https://api.unsplash.com/photos/sRgH_CIcM-M/download,28,false,K2nNJ0U-7G0,2020-04-09T13:09:58-04:00,vinomamba24,Vino Li,Vino,Li,,,The world in my eyes. WeChat: linmamba,""Guangzhou, China"",https://api.unsplash.com/users/vinomamba24,https://unsplash.com/@vinomamba24,https://api.unsplash.com/users/vinomamba24/photos,https://api.unsplash.com/users/vinomamba24/likes,https://api.unsplash.com/users/vinomamba24/portfolio,https://api.unsplash.com/users/vinomamba24/following,https://api.unsplash.com/users/vinomamba24/followers,https://images.unsplash.com/profile-1573001861023-8909d5f22b0cimage?ixlib=rb-1.2.1&q=80&fm=jpg&crop=faces&cs=tinysrgb&fit=crop&h=32&w=32,https://images.unsplash.com/profile-1573001861023-8909d5f22b0cimage?ixlib=rb-1.2.1&q=80&fm=jpg&crop=faces&cs=tinysrgb&fit=crop&h=64&w=64,https://images.unsplash.com/profile-1573001861023-8909d5f22b0cimage?ixlib=rb-1.2.1&q=80&fm=jpg&crop=faces&cs=tinysrgb&fit=crop&h=128&w=128,,8,1698,279,true,,,,,,,,,,,,,,,,,,,,,,,,,,,"
"bTCQMLjXLZQ,2020-04-08T13:42:50-04:00,2020-04-09T12:57:01-04:00,2020-04-09T12:57:01-04:00,3648,5472,#FFC17F,,man in orange turtleneck sweater and black fedora hat,https://images.unsplash.com/photo-1586367751163-404178efb9b5?ixlib=rb-1.2.1&ixid=eyJhcHBfaWQiOjk2MzA1fQ,https://images.unsplash.com/photo-1586367751163-404178efb9b5?ixlib=rb-1.2.1&q=85&fm=jpg&crop=entropy&cs=srgb&ixid=eyJhcHBfaWQiOjk2MzA1fQ,https://images.unsplash.com/photo-1586367751163-404178efb9b5?ixlib=rb-1.2.1&q=80&fm=jpg&crop=entropy&cs=tinysrgb&w=1080&fit=max&ixid=eyJhcHBfaWQiOjk2MzA1fQ,https://images.unsplash.com/photo-1586367751163-404178efb9b5?ixlib=rb-1.2.1&q=80&fm=jpg&crop=entropy&cs=tinysrgb&w=400&fit=max&ixid=eyJhcHBfaWQiOjk2MzA1fQ,https://images.unsplash.com/photo-1586367751163-404178efb9b5?ixlib=rb-1.2.1&q=80&fm=jpg&crop=entropy&cs=tinysrgb&w=200&fit=max&ixid=eyJhcHBfaWQiOjk2MzA1fQ,https://api.unsplash.com/photos/bTCQMLjXLZQ,https://unsplash.com/photos/bTCQMLjXLZQ,https://unsplash.com/photos/bTCQMLjXLZQ/download,https://api.unsplash.com/photos/bTCQMLjXLZQ/download,6,false,Y8riNmDq4SU,2020-04-09T13:24:54-04:00,introspectivedsgn,Erik Mclean,Erik,Mclean,introspectivenl,,,""st. Johns, NL"",https://api.unsplash.com/users/introspectivedsgn,https://unsplash.com/@introspectivedsgn,https://api.unsplash.com/users/introspectivedsgn/photos,https://api.unsplash.com/users/introspectivedsgn/likes,https://api.unsplash.com/users/introspectivedsgn/portfolio,https://api.unsplash.com/users/introspectivedsgn/following,https://api.unsplash.com/users/introspectivedsgn/followers,https://images.unsplash.com/profile-1585919663587-d1c631f56adbimage?ixlib=rb-1.2.1&q=80&fm=jpg&crop=faces&cs=tinysrgb&fit=crop&h=32&w=32,https://images.unsplash.com/profile-1585919663587-d1c631f56adbimage?ixlib=rb-1.2.1&q=80&fm=jpg&crop=faces&cs=tinysrgb&fit=crop&h=64&w=64,https://images.unsplash.com/profile-1585919663587-d1c631f56adbimage?ixlib=rb-1.2.1&q=80&fm=jpg&crop=faces&cs=tinysrgb&fit=crop&h=128&w=128,introspectivedsgn,18,155,3586,true,,,,,,,,,,,,,,,,,,,,,,,,,,,"
"VemwVzDtya0,2020-04-09T12:13:36-04:00,2020-04-09T12:54:02-04:00,2020-04-09T12:54:02-04:00,3651,5477,#050404,,,https://images.unsplash.com/photo-1586448789181-bef0ee53fc50?ixlib=rb-1.2.1&ixid=eyJhcHBfaWQiOjk2MzA1fQ,https://images.unsplash.com/photo-1586448789181-bef0ee53fc50?ixlib=rb-1.2.1&q=85&fm=jpg&crop=entropy&cs=srgb&ixid=eyJhcHBfaWQiOjk2MzA1fQ,https://images.unsplash.com/photo-1586448789181-bef0ee53fc50?ixlib=rb-1.2.1&q=80&fm=jpg&crop=entropy&cs=tinysrgb&w=1080&fit=max&ixid=eyJhcHBfaWQiOjk2MzA1fQ,https://images.unsplash.com/photo-1586448789181-bef0ee53fc50?ixlib=rb-1.2.1&q=80&fm=jpg&crop=entropy&cs=tinysrgb&w=400&fit=max&ixid=eyJhcHBfaWQiOjk2MzA1fQ,https://images.unsplash.com/photo-1586448789181-bef0ee53fc50?ixlib=rb-1.2.1&q=80&fm=jpg&crop=entropy&cs=tinysrgb&w=200&fit=max&ixid=eyJhcHBfaWQiOjk2MzA1fQ,https://api.unsplash.com/photos/VemwVzDtya0,https://unsplash.com/photos/VemwVzDtya0,https://unsplash.com/photos/VemwVzDtya0/download,https://api.unsplash.com/photos/VemwVzDtya0/download,16,false,P8xKPQQNJeY,2020-04-09T13:45:12-04:00,omidarmin,Omid Armin,Omid,Armin,omidarmink,https://www.instagram.com/itsomidarmin/,Freelance Photographer,""Iran, Tehran"",https://api.unsplash.com/users/omidarmin,https://unsplash.com/@omidarmin,https://api.unsplash.com/users/omidarmin/photos,https://api.unsplash.com/users/omidarmin/likes,https://api.unsplash.com/users/omidarmin/portfolio,https://api.unsplash.com/users/omidarmin/following,https://api.unsplash.com/users/omidarmin/followers,https://images.unsplash.com/profile-1571725914718-bc727e568254image?ixlib=rb-1.2.1&q=80&fm=jpg&crop=faces&cs=tinysrgb&fit=crop&h=32&w=32,https://images.unsplash.com/profile-1571725914718-bc727e568254image?ixlib=rb-1.2.1&q=80&fm=jpg&crop=faces&cs=tinysrgb&fit=crop&h=64&w=64,https://images.unsplash.com/profile-1571725914718-bc727e568254image?ixlib=rb-1.2.1&q=80&fm=jpg&crop=faces&cs=tinysrgb&fit=crop&h=128&w=128,itsomidarmin,2,1576,260,true,,,,,,,,,,,,,,,,,,,,,,,,,,,"
"T247N4au5FE,2020-04-09T10:28:26-04:00,2020-04-09T11:09:02-04:00,2020-04-09T11:09:02-04:00,3240,2160,#C3B2AC,,,https://images.unsplash.com/photo-1586442498293-60c088446c83?ixlib=rb-1.2.1&ixid=eyJhcHBfaWQiOjk2MzA1fQ,https://images.unsplash.com/photo-1586442498293-60c088446c83?ixlib=rb-1.2.1&q=85&fm=jpg&crop=entropy&cs=srgb&ixid=eyJhcHBfaWQiOjk2MzA1fQ,https://images.unsplash.com/photo-1586442498293-60c088446c83?ixlib=rb-1.2.1&q=80&fm=jpg&crop=entropy&cs=tinysrgb&w=1080&fit=max&ixid=eyJhcHBfaWQiOjk2MzA1fQ,https://images.unsplash.com/photo-1586442498293-60c088446c83?ixlib=rb-1.2.1&q=80&fm=jpg&crop=entropy&cs=tinysrgb&w=400&fit=max&ixid=eyJhcHBfaWQiOjk2MzA1fQ,https://images.unsplash.com/photo-1586442498293-60c088446c83?ixlib=rb-1.2.1&q=80&fm=jpg&crop=entropy&cs=tinysrgb&w=200&fit=max&ixid=eyJhcHBfaWQiOjk2MzA1fQ,https://api.unsplash.com/photos/T247N4au5FE,https://unsplash.com/photos/T247N4au5FE,https://unsplash.com/photos/T247N4au5FE/download,https://api.unsplash.com/photos/T247N4au5FE/download,12,false,HJz1sn1tPcw,2020-04-09T12:05:26-04:00,christi_lynn_photo,Christi Marcheschi,Christi,Marcheschi,,https://www.christilynnphoto.com,,""Chicago, Illinois"",https://api.unsplash.com/users/christi_lynn_photo,https://unsplash.com/@christi_lynn_photo,https://api.unsplash.com/users/christi_lynn_photo/photos,https://api.unsplash.com/users/christi_lynn_photo/likes,https://api.unsplash.com/users/christi_lynn_photo/portfolio,https://api.unsplash.com/users/christi_lynn_photo/following,https://api.unsplash.com/users/christi_lynn_photo/followers,https://images.unsplash.com/profile-1585362371409-1eaea22cc8c3image?ixlib=rb-1.2.1&q=80&fm=jpg&crop=faces&cs=tinysrgb&fit=crop&h=32&w=32,https://images.unsplash.com/profile-1585362371409-1eaea22cc8c3image?ixlib=rb-1.2.1&q=80&fm=jpg&crop=faces&cs=tinysrgb&fit=crop&h=64&w=64,https://images.unsplash.com/profile-1585362371409-1eaea22cc8c3image?ixlib=rb-1.2.1&q=80&fm=jpg&crop=faces&cs=tinysrgb&fit=crop&h=128&w=128,christi_lynn_photo,0,0,8,true,,,,,,,,,,,,,,,,,,,,,,,,,,,"
59eRXvKzmGs,2020-04-09T01:37:57-04:00,2020-04-09T11:00:03-04:00,2020-04-09T11:00:02-04:00,4480,6720,#F6D1EA,Phone Photography,person holding black iphone 5 taking photo of pink rose,https://images.unsplash.com/photo-1586410585088-4456b4ddd51e?ixlib=rb-1.2.1&ixid=eyJhcHBfaWQiOjk2MzA1fQ,https://images.unsplash.com/photo-1586410585088-4456b4ddd51e?ixlib=rb-1.2.1&q=85&fm=jpg&crop=entropy&cs=srgb&ixid=eyJhcHBfaWQiOjk2MzA1fQ,https://images.unsplash.com/photo-1586410585088-4456b4ddd51e?ixlib=rb-1.2.1&q=80&fm=jpg&crop=entropy&cs=tinysrgb&w=1080&fit=max&ixid=eyJhcHBfaWQiOjk2MzA1fQ,https://images.unsplash.com/photo-1586410585088-4456b4ddd51e?ixlib=rb-1.2.1&q=80&fm=jpg&crop=entropy&cs=tinysrgb&w=400&fit=max&ixid=eyJhcHBfaWQiOjk2MzA1fQ,https://images.unsplash.com/photo-1586410585088-4456b4ddd51e?ixlib=rb-1.2.1&q=80&fm=jpg&crop=entropy&cs=tinysrgb&w=200&fit=max&ixid=eyJhcHBfaWQiOjk2MzA1fQ,https://api.unsplash.com/photos/59eRXvKzmGs,https://unsplash.com/photos/59eRXvKzmGs,https://unsplash.com/photos/59eRXvKzmGs/download,https://api.unsplash.com/photos/59eRXvKzmGs/download,18,false,h-13QMzHEqs,2020-04-09T14:01:58-04:00,screenpost,SCREEN POST,SCREEN,POST,,http://www.instagram.com/screen_post,Welcome To My Blog Photography . Please Enjoy All My Photos. Don't forget to follow me on instagram @RADY,cambodia,https://api.unsplash.com/users/screenpost,https://unsplash.com/@screenpost,https://api.unsplash.com/users/screenpost/photos,https://api.unsplash.com/users/screenpost/likes,https://api.unsplash.com/users/screenpost/portfolio,https://api.unsplash.com/users/screenpost/following,https://api.unsplash.com/users/screenpost/followers,https://images.unsplash.com/profile-1576207900152-7d85f12385d6image?ixlib=rb-1.2.1&q=80&fm=jpg&crop=faces&cs=tinysrgb&fit=crop&h=32&w=32,https://images.unsplash.com/profile-1576207900152-7d85f12385d6image?ixlib=rb-1.2.1&q=80&fm=jpg&crop=faces&cs=tinysrgb&fit=crop&h=64&w=64,https://images.unsplash.com/profile-1576207900152-7d85f12385d6image?ixlib=rb-1.2.1&q=80&fm=jpg&crop=faces&cs=tinysrgb&fit=crop&h=128&w=128,screen_post/,1,7,150,true,,,,,,,,,,,,,,,,,,,,,,,,,,,
"KE_MkEJanqw,2020-04-09T00:44:26-04:00,2020-04-09T10:57:01-04:00,2020-04-09T10:57:01-04:00,5208,3463,#0A0E05,,cooked food on white ceramic plate,https://images.unsplash.com/photo-1586407444813-cbd0fbffab8d?ixlib=rb-1.2.1&ixid=eyJhcHBfaWQiOjk2MzA1fQ,https://images.unsplash.com/photo-1586407444813-cbd0fbffab8d?ixlib=rb-1.2.1&q=85&fm=jpg&crop=entropy&cs=srgb&ixid=eyJhcHBfaWQiOjk2MzA1fQ,https://images.unsplash.com/photo-1586407444813-cbd0fbffab8d?ixlib=rb-1.2.1&q=80&fm=jpg&crop=entropy&cs=tinysrgb&w=1080&fit=max&ixid=eyJhcHBfaWQiOjk2MzA1fQ,https://images.unsplash.com/photo-1586407444813-cbd0fbffab8d?ixlib=rb-1.2.1&q=80&fm=jpg&crop=entropy&cs=tinysrgb&w=400&fit=max&ixid=eyJhcHBfaWQiOjk2MzA1fQ,https://images.unsplash.com/photo-1586407444813-cbd0fbffab8d?ixlib=rb-1.2.1&q=80&fm=jpg&crop=entropy&cs=tinysrgb&w=200&fit=max&ixid=eyJhcHBfaWQiOjk2MzA1fQ,https://api.unsplash.com/photos/KE_MkEJanqw,https://unsplash.com/photos/KE_MkEJanqw,https://unsplash.com/photos/KE_MkEJanqw/download,https://api.unsplash.com/photos/KE_MkEJanqw/download,12,false,wKxIIt-fkPM,2020-04-09T10:57:01-04:00,saracervera,Sara Cervera,Sara,Cervera,,https://www.scworkandesign.com/,""Food Photographer! üç¥Follow me on instagram for more foodie adventures! "

Products and no pics? Contact me! üòÑ
"@foodphotographermx"",,https://api.unsplash.com/users/saracervera,https://unsplash.com/@saracervera,https://api.unsplash.com/users/saracervera/photos,https://api.unsplash.com/users/saracervera/likes,https://api.unsplash.com/users/saracervera/portfolio,https://api.unsplash.com/users/saracervera/following,https://api.unsplash.com/users/saracervera/followers,https://images.unsplash.com/profile-1585010581553-7c689454736aimage?ixlib=rb-1.2.1&q=80&fm=jpg&crop=faces&cs=tinysrgb&fit=crop&h=32&w=32,https://images.unsplash.com/profile-1585010581553-7c689454736aimage?ixlib=rb-1.2.1&q=80&fm=jpg&crop=faces&cs=tinysrgb&fit=crop&h=64&w=64,https://images.unsplash.com/profile-1585010581553-7c689454736aimage?ixlib=rb-1.2.1&q=80&fm=jpg&crop=faces&cs=tinysrgb&fit=crop&h=128&w=128,foodphotographermx,0,0,187,true,,,,,,,,,,,,,,,,,,,,,,,,,,,"
"0cMH7NVr2Kw,2020-04-09T00:35:15-04:00,2020-04-09T10:54:04-04:00,2020-04-09T10:54:04-04:00,4021,3016,#19100E,,brown wooden wall art during daytime,https://images.unsplash.com/photo-1586406897938-517468b57b25?ixlib=rb-1.2.1&ixid=eyJhcHBfaWQiOjk2MzA1fQ,https://images.unsplash.com/photo-1586406897938-517468b57b25?ixlib=rb-1.2.1&q=85&fm=jpg&crop=entropy&cs=srgb&ixid=eyJhcHBfaWQiOjk2MzA1fQ,https://images.unsplash.com/photo-1586406897938-517468b57b25?ixlib=rb-1.2.1&q=80&fm=jpg&crop=entropy&cs=tinysrgb&w=1080&fit=max&ixid=eyJhcHBfaWQiOjk2MzA1fQ,https://images.unsplash.com/photo-1586406897938-517468b57b25?ixlib=rb-1.2.1&q=80&fm=jpg&crop=entropy&cs=tinysrgb&w=400&fit=max&ixid=eyJhcHBfaWQiOjk2MzA1fQ,https://images.unsplash.com/photo-1586406897938-517468b57b25?ixlib=rb-1.2.1&q=80&fm=jpg&crop=entropy&cs=tinysrgb&w=200&fit=max&ixid=eyJhcHBfaWQiOjk2MzA1fQ,https://api.unsplash.com/photos/0cMH7NVr2Kw,https://unsplash.com/photos/0cMH7NVr2Kw,https://unsplash.com/photos/0cMH7NVr2Kw/download,https://api.unsplash.com/photos/0cMH7NVr2Kw/download,16,false,XFHPUQCLl1o,2020-04-09T10:54:05-04:00,lgnwvr,LOGAN WEAVER,LOGAN,WEAVER,lgnwvrphto,https://www.lgnwvrphto.com/,""without art, war"",""denver, co"",https://api.unsplash.com/users/lgnwvr,https://unsplash.com/@lgnwvr,https://api.unsplash.com/users/lgnwvr/photos,https://api.unsplash.com/users/lgnwvr/likes,https://api.unsplash.com/users/lgnwvr/portfolio,https://api.unsplash.com/users/lgnwvr/following,https://api.unsplash.com/users/lgnwvr/followers,https://images.unsplash.com/profile-1565854898152-9b08f669229dimage?ixlib=rb-1.2.1&q=80&fm=jpg&crop=faces&cs=tinysrgb&fit=crop&h=32&w=32,https://images.unsplash.com/profile-1565854898152-9b08f669229dimage?ixlib=rb-1.2.1&q=80&fm=jpg&crop=faces&cs=tinysrgb&fit=crop&h=64&w=64,https://images.unsplash.com/profile-1565854898152-9b08f669229dimage?ixlib=rb-1.2.1&q=80&fm=jpg&crop=faces&cs=tinysrgb&fit=crop&h=128&w=128,Lgnwvrphto,15,6770,1620,true,,,,,,,,,,,,,,,,,,,,,,,,,,,"
"Bd0iWUZBVFo,2020-04-08T22:18:39-04:00,2020-04-09T10:48:03-04:00,2020-04-09T10:48:03-04:00,4032,3024,#F1E6DA,,black and white round pattern,https://images.unsplash.com/photo-1586398710270-760041494553?ixlib=rb-1.2.1&ixid=eyJhcHBfaWQiOjk2MzA1fQ,https://images.unsplash.com/photo-1586398710270-760041494553?ixlib=rb-1.2.1&q=85&fm=jpg&crop=entropy&cs=srgb&ixid=eyJhcHBfaWQiOjk2MzA1fQ,https://images.unsplash.com/photo-1586398710270-760041494553?ixlib=rb-1.2.1&q=80&fm=jpg&crop=entropy&cs=tinysrgb&w=1080&fit=max&ixid=eyJhcHBfaWQiOjk2MzA1fQ,https://images.unsplash.com/photo-1586398710270-760041494553?ixlib=rb-1.2.1&q=80&fm=jpg&crop=entropy&cs=tinysrgb&w=400&fit=max&ixid=eyJhcHBfaWQiOjk2MzA1fQ,https://images.unsplash.com/photo-1586398710270-760041494553?ixlib=rb-1.2.1&q=80&fm=jpg&crop=entropy&cs=tinysrgb&w=200&fit=max&ixid=eyJhcHBfaWQiOjk2MzA1fQ,https://api.unsplash.com/photos/Bd0iWUZBVFo,https://unsplash.com/photos/Bd0iWUZBVFo,https://unsplash.com/photos/Bd0iWUZBVFo/download,https://api.unsplash.com/photos/Bd0iWUZBVFo/download,18,false,yrlkwt5SGRE,2020-04-09T10:48:03-04:00,yucelmoran,Yucel Moran,Yucel,Moran,yucelmoran,https://www.instagram.com/yucel.moran/,""Software Engineer.  Photography is recently one of my passions, when I'm not developing I'm taking pictures. "
https://twitter.com/yucelmoran
",New York, New York"",https://api.unsplash.com/users/yucelmoran,https://unsplash.com/@yucelmoran,https://api.unsplash.com/users/yucelmoran/photos,https://api.unsplash.com/users/yucelmoran/likes,https://api.unsplash.com/users/yucelmoran/portfolio,https://api.unsplash.com/users/yucelmoran/following,https://api.unsplash.com/users/yucelmoran/followers,https://images.unsplash.com/profile-1580925555698-1d217d4def8cimage?ixlib=rb-1.2.1&q=80&fm=jpg&crop=faces&cs=tinysrgb&fit=crop&h=32&w=32,https://images.unsplash.com/profile-1580925555698-1d217d4def8cimage?ixlib=rb-1.2.1&q=80&fm=jpg&crop=faces&cs=tinysrgb&fit=crop&h=64&w=64,https://images.unsplash.com/profile-1580925555698-1d217d4def8cimage?ixlib=rb-1.2.1&q=80&fm=jpg&crop=faces&cs=tinysrgb&fit=crop&h=128&w=128,yucel.moran,5,767,851,true,,,,,,,,,,,,,,,,,,,,,,,,,,,"
"ZxAqJFCK2Mo,2019-07-11T19:17:38-04:00,2020-04-07T01:03:00-04:00,,7680,4320,#342119,,white and pink Honest plastic tube bottle,https://images.unsplash.com/photo-1562887009-92ca32b341c6?ixlib=rb-1.2.1&ixid=eyJhcHBfaWQiOjk2MzA1fQ,https://images.unsplash.com/photo-1562887009-92ca32b341c6?ixlib=rb-1.2.1&q=85&fm=jpg&crop=entropy&cs=srgb&ixid=eyJhcHBfaWQiOjk2MzA1fQ,https://images.unsplash.com/photo-1562887009-92ca32b341c6?ixlib=rb-1.2.1&q=80&fm=jpg&crop=entropy&cs=tinysrgb&w=1080&fit=max&ixid=eyJhcHBfaWQiOjk2MzA1fQ,https://images.unsplash.com/photo-1562887009-92ca32b341c6?ixlib=rb-1.2.1&q=80&fm=jpg&crop=entropy&cs=tinysrgb&w=400&fit=max&ixid=eyJhcHBfaWQiOjk2MzA1fQ,https://images.unsplash.com/photo-1562887009-92ca32b341c6?ixlib=rb-1.2.1&q=80&fm=jpg&crop=entropy&cs=tinysrgb&w=200&fit=max&ixid=eyJhcHBfaWQiOjk2MzA1fQ,https://api.unsplash.com/photos/ZxAqJFCK2Mo,https://unsplash.com/photos/ZxAqJFCK2Mo,https://unsplash.com/photos/ZxAqJFCK2Mo/download,https://api.unsplash.com/photos/ZxAqJFCK2Mo/download,438,false,o9M2-GtNlBE,2020-04-09T11:43:02-04:00,honest,The Honest Company,The Honest Company,,honest,https://www.honest.com/,""Our mission is to empower people to live healthy, happy lives. We're committed to creating effective, safe, delightful, accessible, responsible products."",,https://api.unsplash.com/users/honest,https://unsplash.com/@honest,https://api.unsplash.com/users/honest/photos,https://api.unsplash.com/users/honest/likes,https://api.unsplash.com/users/honest/portfolio,https://api.unsplash.com/users/honest/following,https://api.unsplash.com/users/honest/followers,https://images.unsplash.com/profile-1562879881254-56eb37673331?ixlib=rb-1.2.1&q=80&fm=jpg&crop=faces&cs=tinysrgb&fit=crop&h=32&w=32,https://images.unsplash.com/profile-1562879881254-56eb37673331?ixlib=rb-1.2.1&q=80&fm=jpg&crop=faces&cs=tinysrgb&fit=crop&h=64&w=64,https://images.unsplash.com/profile-1562879881254-56eb37673331?ixlib=rb-1.2.1&q=80&fm=jpg&crop=faces&cs=tinysrgb&fit=crop&h=128&w=128,honest,0,0,65,true,https://secure.insightexpressai.com/adServer/adServerESI.aspx?script=false&bannerID=5209897&rnd=unsplash&redir=https://secure.insightexpressai.com/adserver/1pixel.gif,Clean beauty that works.,o9M2-GtNlBE,2020-04-09T11:43:02-04:00,honest,The Honest Company,The Honest Company,,honest,https://www.honest.com/,""Our mission is to empower people to live healthy, happy lives. We're committed to creating effective, safe, delightful, accessible, responsible products."",,https://api.unsplash.com/users/honest,https://unsplash.com/@honest,https://api.unsplash.com/users/honest/photos,https://api.unsplash.com/users/honest/likes,https://api.unsplash.com/users/honest/portfolio,https://api.unsplash.com/users/honest/following,https://api.unsplash.com/users/honest/followers,https://images.unsplash.com/profile-1562879881254-56eb37673331?ixlib=rb-1.2.1&q=80&fm=jpg&crop=faces&cs=tinysrgb&fit=crop&h=32&w=32,https://images.unsplash.com/profile-1562879881254-56eb37673331?ixlib=rb-1.2.1&q=80&fm=jpg&crop=faces&cs=tinysrgb&fit=crop&h=64&w=64,https://images.unsplash.com/profile-1562879881254-56eb37673331?ixlib=rb-1.2.1&q=80&fm=jpg&crop=faces&cs=tinysrgb&fit=crop&h=128&w=128,honest,0,0,65,true"
sIsT-SWFTIY,2020-04-08T19:57:36-04:00,2020-04-09T10:45:01-04:00,2020-04-09T10:45:01-04:00,5472,3648,#30240E,,brown rope on brown wooden heart shaped tray,https://images.unsplash.com/photo-1586390092298-cc0cefcbcef8?ixlib=rb-1.2.1&ixid=eyJhcHBfaWQiOjk2MzA1fQ,https://images.unsplash.com/photo-1586390092298-cc0cefcbcef8?ixlib=rb-1.2.1&q=85&fm=jpg&crop=entropy&cs=srgb&ixid=eyJhcHBfaWQiOjk2MzA1fQ,https://images.unsplash.com/photo-1586390092298-cc0cefcbcef8?ixlib=rb-1.2.1&q=80&fm=jpg&crop=entropy&cs=tinysrgb&w=1080&fit=max&ixid=eyJhcHBfaWQiOjk2MzA1fQ,https://images.unsplash.com/photo-1586390092298-cc0cefcbcef8?ixlib=rb-1.2.1&q=80&fm=jpg&crop=entropy&cs=tinysrgb&w=400&fit=max&ixid=eyJhcHBfaWQiOjk2MzA1fQ,https://images.unsplash.com/photo-1586390092298-cc0cefcbcef8?ixlib=rb-1.2.1&q=80&fm=jpg&crop=entropy&cs=tinysrgb&w=200&fit=max&ixid=eyJhcHBfaWQiOjk2MzA1fQ,https://api.unsplash.com/photos/sIsT-SWFTIY,https://unsplash.com/photos/sIsT-SWFTIY,https://unsplash.com/photos/sIsT-SWFTIY/download,https://api.unsplash.com/photos/sIsT-SWFTIY/download,12,false,u1-NUNH4Au4,2020-04-09T13:36:58-04:00,lucasmendesph,lucas mendes,lucas,mendes,,https://www.instagram.com/lucasmendesph/,,Brazil,https://api.unsplash.com/users/lucasmendesph,https://unsplash.com/@lucasmendesph,https://api.unsplash.com/users/lucasmendesph/photos,https://api.unsplash.com/users/lucasmendesph/likes,https://api.unsplash.com/users/lucasmendesph/portfolio,https://api.unsplash.com/users/lucasmendesph/following,https://api.unsplash.com/users/lucasmendesph/followers,https://images.unsplash.com/placeholder-avatars/extra-large.jpg?ixlib=rb-1.2.1&q=80&fm=jpg&crop=faces&cs=tinysrgb&fit=crop&h=32&w=32,https://images.unsplash.com/placeholder-avatars/extra-large.jpg?ixlib=rb-1.2.1&q=80&fm=jpg&crop=faces&cs=tinysrgb&fit=crop&h=64&w=64,https://images.unsplash.com/placeholder-avatars/extra-large.jpg?ixlib=rb-1.2.1&q=80&fm=jpg&crop=faces&cs=tinysrgb&fit=crop&h=128&w=128,lucasmendesph,3,107,114,true,,,,,,,,,,,,,,,,,,,,,,,,,,,
BKPsFh7Fpqc,2020-04-09T09:54:08-04:00,2020-04-09T10:27:01-04:00,2020-04-09T10:27:01-04:00,3648,4560,#E5E9E1,,green leaf in macro photography,https://images.unsplash.com/photo-1586440412406-8e36f86b7ed6?ixlib=rb-1.2.1&ixid=eyJhcHBfaWQiOjk2MzA1fQ,https://images.unsplash.com/photo-1586440412406-8e36f86b7ed6?ixlib=rb-1.2.1&q=85&fm=jpg&crop=entropy&cs=srgb&ixid=eyJhcHBfaWQiOjk2MzA1fQ,https://images.unsplash.com/photo-1586440412406-8e36f86b7ed6?ixlib=rb-1.2.1&q=80&fm=jpg&crop=entropy&cs=tinysrgb&w=1080&fit=max&ixid=eyJhcHBfaWQiOjk2MzA1fQ,https://images.unsplash.com/photo-1586440412406-8e36f86b7ed6?ixlib=rb-1.2.1&q=80&fm=jpg&crop=entropy&cs=tinysrgb&w=400&fit=max&ixid=eyJhcHBfaWQiOjk2MzA1fQ,https://images.unsplash.com/photo-1586440412406-8e36f86b7ed6?ixlib=rb-1.2.1&q=80&fm=jpg&crop=entropy&cs=tinysrgb&w=200&fit=max&ixid=eyJhcHBfaWQiOjk2MzA1fQ,https://api.unsplash.com/photos/BKPsFh7Fpqc,https://unsplash.com/photos/BKPsFh7Fpqc,https://unsplash.com/photos/BKPsFh7Fpqc/download,https://api.unsplash.com/photos/BKPsFh7Fpqc/download,27,false,0SA9KjPcIBk,2020-04-09T10:27:01-04:00,shaahshahidh,Shaah Shahidh,Shaah,Shahidh,shaahshahidh,,21 year old photographer from the maldives who loves nature.,Maldives,https://api.unsplash.com/users/shaahshahidh,https://unsplash.com/@shaahshahidh,https://api.unsplash.com/users/shaahshahidh/photos,https://api.unsplash.com/users/shaahshahidh/likes,https://api.unsplash.com/users/shaahshahidh/portfolio,https://api.unsplash.com/users/shaahshahidh/following,https://api.unsplash.com/users/shaahshahidh/followers,https://images.unsplash.com/profile-fb-1515722742-6597f9d8eefe.jpg?ixlib=rb-1.2.1&q=80&fm=jpg&crop=faces&cs=tinysrgb&fit=crop&h=32&w=32,https://images.unsplash.com/profile-fb-1515722742-6597f9d8eefe.jpg?ixlib=rb-1.2.1&q=80&fm=jpg&crop=faces&cs=tinysrgb&fit=crop&h=64&w=64,https://images.unsplash.com/profile-fb-1515722742-6597f9d8eefe.jpg?ixlib=rb-1.2.1&q=80&fm=jpg&crop=faces&cs=tinysrgb&fit=crop&h=128&w=128,Shaahshahidh,0,0,35,true,,,,,,,,,,,,,,,,,,,,,,,,,,,
"8eGNy2x2E7E,2020-04-09T08:05:45-04:00,2020-04-09T10:24:04-04:00,2020-04-09T10:24:04-04:00,7754,5121,#F2F1F1,""Curent setup, not everything is here but i find it more aesthetic like this."
If you want to use this photo, reach out to me via mail or @we.are.rising on instagram.
"Take care"",silver macbook black dslr camera and black dslr camera,https://images.unsplash.com/photo-1586433877630-a92748c4f7e2?ixlib=rb-1.2.1&ixid=eyJhcHBfaWQiOjk2MzA1fQ,https://images.unsplash.com/photo-1586433877630-a92748c4f7e2?ixlib=rb-1.2.1&q=85&fm=jpg&crop=entropy&cs=srgb&ixid=eyJhcHBfaWQiOjk2MzA1fQ,https://images.unsplash.com/photo-1586433877630-a92748c4f7e2?ixlib=rb-1.2.1&q=80&fm=jpg&crop=entropy&cs=tinysrgb&w=1080&fit=max&ixid=eyJhcHBfaWQiOjk2MzA1fQ,https://images.unsplash.com/photo-1586433877630-a92748c4f7e2?ixlib=rb-1.2.1&q=80&fm=jpg&crop=entropy&cs=tinysrgb&w=400&fit=max&ixid=eyJhcHBfaWQiOjk2MzA1fQ,https://images.unsplash.com/photo-1586433877630-a92748c4f7e2?ixlib=rb-1.2.1&q=80&fm=jpg&crop=entropy&cs=tinysrgb&w=200&fit=max&ixid=eyJhcHBfaWQiOjk2MzA1fQ,https://api.unsplash.com/photos/8eGNy2x2E7E,https://unsplash.com/photos/8eGNy2x2E7E,https://unsplash.com/photos/8eGNy2x2E7E/download,https://api.unsplash.com/photos/8eGNy2x2E7E/download,42,false,LtF94-15m1s,2020-04-09T12:05:24-04:00,we_are_rising,lucas Favre,lucas,Favre,,https://www.youtube.com/risehigh,,,https://api.unsplash.com/users/we_are_rising,https://unsplash.com/@we_are_rising,https://api.unsplash.com/users/we_are_rising/photos,https://api.unsplash.com/users/we_are_rising/likes,https://api.unsplash.com/users/we_are_rising/portfolio,https://api.unsplash.com/users/we_are_rising/following,https://api.unsplash.com/users/we_are_rising/followers,https://images.unsplash.com/profile-1513555130858-e0b473ead2ea?ixlib=rb-1.2.1&q=80&fm=jpg&crop=faces&cs=tinysrgb&fit=crop&h=32&w=32,https://images.unsplash.com/profile-1513555130858-e0b473ead2ea?ixlib=rb-1.2.1&q=80&fm=jpg&crop=faces&cs=tinysrgb&fit=crop&h=64&w=64,https://images.unsplash.com/profile-1513555130858-e0b473ead2ea?ixlib=rb-1.2.1&q=80&fm=jpg&crop=faces&cs=tinysrgb&fit=crop&h=128&w=128,we.are.rising,2,447,65,true,,,,,,,,,,,,,,,,,,,,,,,,,,,"
"dm8sBdf6y6Q,2020-04-09T08:53:28-04:00,2020-04-09T10:21:02-04:00,2020-04-09T10:21:02-04:00,4912,7360,#E5C8B2,Tea cattle with a view,clear glass jar on black wooden table,https://images.unsplash.com/photo-1586436233797-f133d0913a0f?ixlib=rb-1.2.1&ixid=eyJhcHBfaWQiOjk2MzA1fQ,https://images.unsplash.com/photo-1586436233797-f133d0913a0f?ixlib=rb-1.2.1&q=85&fm=jpg&crop=entropy&cs=srgb&ixid=eyJhcHBfaWQiOjk2MzA1fQ,https://images.unsplash.com/photo-1586436233797-f133d0913a0f?ixlib=rb-1.2.1&q=80&fm=jpg&crop=entropy&cs=tinysrgb&w=1080&fit=max&ixid=eyJhcHBfaWQiOjk2MzA1fQ,https://images.unsplash.com/photo-1586436233797-f133d0913a0f?ixlib=rb-1.2.1&q=80&fm=jpg&crop=entropy&cs=tinysrgb&w=400&fit=max&ixid=eyJhcHBfaWQiOjk2MzA1fQ,https://images.unsplash.com/photo-1586436233797-f133d0913a0f?ixlib=rb-1.2.1&q=80&fm=jpg&crop=entropy&cs=tinysrgb&w=200&fit=max&ixid=eyJhcHBfaWQiOjk2MzA1fQ,https://api.unsplash.com/photos/dm8sBdf6y6Q,https://unsplash.com/photos/dm8sBdf6y6Q,https://unsplash.com/photos/dm8sBdf6y6Q/download,https://api.unsplash.com/photos/dm8sBdf6y6Q/download,23,false,3fKC7-cS9kA,2020-04-09T11:31:23-04:00,levi_stute_cinematography,Levi Stute,Levi,Stute,,http://www.lscinema.de,,""Dortmund, Gemany"",https://api.unsplash.com/users/levi_stute_cinematography,https://unsplash.com/@levi_stute_cinematography,https://api.unsplash.com/users/levi_stute_cinematography/photos,https://api.unsplash.com/users/levi_stute_cinematography/likes,https://api.unsplash.com/users/levi_stute_cinematography/portfolio,https://api.unsplash.com/users/levi_stute_cinematography/following,https://api.unsplash.com/users/levi_stute_cinematography/followers,https://images.unsplash.com/profile-1575290217400-f96a7c088798image?ixlib=rb-1.2.1&q=80&fm=jpg&crop=faces&cs=tinysrgb&fit=crop&h=32&w=32,https://images.unsplash.com/profile-1575290217400-f96a7c088798image?ixlib=rb-1.2.1&q=80&fm=jpg&crop=faces&cs=tinysrgb&fit=crop&h=64&w=64,https://images.unsplash.com/profile-1575290217400-f96a7c088798image?ixlib=rb-1.2.1&q=80&fm=jpg&crop=faces&cs=tinysrgb&fit=crop&h=128&w=128,levistute,2,2,90,true,,,,,,,,,,,,,,,,,,,,,,,,,,,"
"mbcSPgVqWBA,2020-04-09T09:35:44-04:00,2020-04-09T10:18:01-04:00,2020-04-09T10:18:01-04:00,4000,6000,#080606,ceramic bowl with dried scented lotus pod - zen decor,white and blue ceramic bowl with chocolate bars,https://images.unsplash.com/photo-1586439280783-e7274032bc21?ixlib=rb-1.2.1&ixid=eyJhcHBfaWQiOjk2MzA1fQ,https://images.unsplash.com/photo-1586439280783-e7274032bc21?ixlib=rb-1.2.1&q=85&fm=jpg&crop=entropy&cs=srgb&ixid=eyJhcHBfaWQiOjk2MzA1fQ,https://images.unsplash.com/photo-1586439280783-e7274032bc21?ixlib=rb-1.2.1&q=80&fm=jpg&crop=entropy&cs=tinysrgb&w=1080&fit=max&ixid=eyJhcHBfaWQiOjk2MzA1fQ,https://images.unsplash.com/photo-1586439280783-e7274032bc21?ixlib=rb-1.2.1&q=80&fm=jpg&crop=entropy&cs=tinysrgb&w=400&fit=max&ixid=eyJhcHBfaWQiOjk2MzA1fQ,https://images.unsplash.com/photo-1586439280783-e7274032bc21?ixlib=rb-1.2.1&q=80&fm=jpg&crop=entropy&cs=tinysrgb&w=200&fit=max&ixid=eyJhcHBfaWQiOjk2MzA1fQ,https://api.unsplash.com/photos/mbcSPgVqWBA,https://unsplash.com/photos/mbcSPgVqWBA,https://unsplash.com/photos/mbcSPgVqWBA/download,https://api.unsplash.com/photos/mbcSPgVqWBA/download,10,false,T6ovA4Ed49w,2020-04-09T11:25:25-04:00,linhlee,Linh Le,Linh,Le,,https://www.instagram.com/juniper_linh/,""Digital creator who loves all pretty little things & doge "
Lifestyle | Home | Photography | Minimalism
",,https://api.unsplash.com/users/linhlee,https://unsplash.com/@linhlee,https://api.unsplash.com/users/linhlee/photos,https://api.unsplash.com/users/linhlee/likes,https://api.unsplash.com/users/linhlee/portfolio,https://api.unsplash.com/users/linhlee/following,https://api.unsplash.com/users/linhlee/followers,https://images.unsplash.com/profile-1583742419215-545f43417ca6image?ixlib=rb-1.2.1&q=80&fm=jpg&crop=faces&cs=tinysrgb&fit=crop&h=32&w=32,https://images.unsplash.com/profile-1583742419215-545f43417ca6image?ixlib=rb-1.2.1&q=80&fm=jpg&crop=faces&cs=tinysrgb&fit=crop&h=64&w=64,https://images.unsplash.com/profile-1583742419215-545f43417ca6image?ixlib=rb-1.2.1&q=80&fm=jpg&crop=faces&cs=tinysrgb&fit=crop&h=128&w=128,juniper_linh,0,54,18,true,,,,,,,,,,,,,,,,,,,,,,,,,,,
3Wscl8h3VUg,2020-04-09T09:52:36-04:00,2020-04-09T10:15:02-04:00,2020-04-09T10:15:02-04:00,2000,3000,#FED460,instagram.com/vadimsadovski,bonfire near lake during night time,https://images.unsplash.com/photo-1586440338931-18e9dfbb3bcd?ixlib=rb-1.2.1&ixid=eyJhcHBfaWQiOjk2MzA1fQ,https://images.unsplash.com/photo-1586440338931-18e9dfbb3bcd?ixlib=rb-1.2.1&q=85&fm=jpg&crop=entropy&cs=srgb&ixid=eyJhcHBfaWQiOjk2MzA1fQ,https://images.unsplash.com/photo-1586440338931-18e9dfbb3bcd?ixlib=rb-1.2.1&q=80&fm=jpg&crop=entropy&cs=tinysrgb&w=1080&fit=max&ixid=eyJhcHBfaWQiOjk2MzA1fQ,https://images.unsplash.com/photo-1586440338931-18e9dfbb3bcd?ixlib=rb-1.2.1&q=80&fm=jpg&crop=entropy&cs=tinysrgb&w=400&fit=max&ixid=eyJhcHBfaWQiOjk2MzA1fQ,https://images.unsplash.com/photo-1586440338931-18e9dfbb3bcd?ixlib=rb-1.2.1&q=80&fm=jpg&crop=entropy&cs=tinysrgb&w=200&fit=max&ixid=eyJhcHBfaWQiOjk2MzA1fQ,https://api.unsplash.com/photos/3Wscl8h3VUg,https://unsplash.com/photos/3Wscl8h3VUg,https://unsplash.com/photos/3Wscl8h3VUg/download,https://api.unsplash.com/photos/3Wscl8h3VUg/download,82,false,YZ06DPhNr4M,2020-04-09T12:08:54-04:00,vadimsadovski,Vadim Sadovski,Vadim,Sadovski,,https://www.instagram.com/vadimsadovski/,Vadimsadovski@gmail.com"
",Belarus, Mogilev, Yakubovskogo 70, 74. PO 212026"",https://api.unsplash.com/users/vadimsadovski,https://unsplash.com/@vadimsadovski,https://api.unsplash.com/users/vadimsadovski/photos,https://api.unsplash.com/users/vadimsadovski/likes,https://api.unsplash.com/users/vadimsadovski/portfolio,https://api.unsplash.com/users/vadimsadovski/following,https://api.unsplash.com/users/vadimsadovski/followers,https://images.unsplash.com/profile-1567842240492-5065803f8cf7image?ixlib=rb-1.2.1&q=80&fm=jpg&crop=faces&cs=tinysrgb&fit=crop&h=32&w=32,https://images.unsplash.com/profile-1567842240492-5065803f8cf7image?ixlib=rb-1.2.1&q=80&fm=jpg&crop=faces&cs=tinysrgb&fit=crop&h=64&w=64,https://images.unsplash.com/profile-1567842240492-5065803f8cf7image?ixlib=rb-1.2.1&q=80&fm=jpg&crop=faces&cs=tinysrgb&fit=crop&h=128&w=128,vadimsadovski,0,66,144,true,,,,,,,,,,,,,,,,,,,,,,,,,,,"
aQFZ4h8p7ic,2020-04-09T09:24:54-04:00,2020-04-09T10:12:04-04:00,2020-04-09T10:12:04-04:00,4374,6561,#EAAE09,,blue and yellow lighted street sign during night time,https://images.unsplash.com/photo-1586438535319-4a803561abf5?ixlib=rb-1.2.1&ixid=eyJhcHBfaWQiOjk2MzA1fQ,https://images.unsplash.com/photo-1586438535319-4a803561abf5?ixlib=rb-1.2.1&q=85&fm=jpg&crop=entropy&cs=srgb&ixid=eyJhcHBfaWQiOjk2MzA1fQ,https://images.unsplash.com/photo-1586438535319-4a803561abf5?ixlib=rb-1.2.1&q=80&fm=jpg&crop=entropy&cs=tinysrgb&w=1080&fit=max&ixid=eyJhcHBfaWQiOjk2MzA1fQ,https://images.unsplash.com/photo-1586438535319-4a803561abf5?ixlib=rb-1.2.1&q=80&fm=jpg&crop=entropy&cs=tinysrgb&w=400&fit=max&ixid=eyJhcHBfaWQiOjk2MzA1fQ,https://images.unsplash.com/photo-1586438535319-4a803561abf5?ixlib=rb-1.2.1&q=80&fm=jpg&crop=entropy&cs=tinysrgb&w=200&fit=max&ixid=eyJhcHBfaWQiOjk2MzA1fQ,https://api.unsplash.com/photos/aQFZ4h8p7ic,https://unsplash.com/photos/aQFZ4h8p7ic,https://unsplash.com/photos/aQFZ4h8p7ic/download,https://api.unsplash.com/photos/aQFZ4h8p7ic/download,18,false,PQ1_g2sJEEg,2020-04-09T13:32:45-04:00,_king_louie_,Richard Ludwig,Richard,Ludwig,,,,,https://api.unsplash.com/users/_king_louie_,https://unsplash.com/@_king_louie_,https://api.unsplash.com/users/_king_louie_/photos,https://api.unsplash.com/users/_king_louie_/likes,https://api.unsplash.com/users/_king_louie_/portfolio,https://api.unsplash.com/users/_king_louie_/following,https://api.unsplash.com/users/_king_louie_/followers,https://images.unsplash.com/profile-1552766890905-b8e772d4d9ba?ixlib=rb-1.2.1&q=80&fm=jpg&crop=faces&cs=tinysrgb&fit=crop&h=32&w=32,https://images.unsplash.com/profile-1552766890905-b8e772d4d9ba?ixlib=rb-1.2.1&q=80&fm=jpg&crop=faces&cs=tinysrgb&fit=crop&h=64&w=64,https://images.unsplash.com/profile-1552766890905-b8e772d4d9ba?ixlib=rb-1.2.1&q=80&fm=jpg&crop=faces&cs=tinysrgb&fit=crop&h=128&w=128,,0,192,43,true,,,,,,,,,,,,,,,,,,,,,,,,,,,
"ykDdrtrbayk,2020-04-08T22:11:43-04:00,2020-04-09T10:09:01-04:00,2020-04-09T10:09:01-04:00,4480,6720,#E7E1E1,,man in black jacket and orange pants sitting on hammock,https://images.unsplash.com/photo-1586397871428-fe5f172e6e87?ixlib=rb-1.2.1&ixid=eyJhcHBfaWQiOjk2MzA1fQ,https://images.unsplash.com/photo-1586397871428-fe5f172e6e87?ixlib=rb-1.2.1&q=85&fm=jpg&crop=entropy&cs=srgb&ixid=eyJhcHBfaWQiOjk2MzA1fQ,https://images.unsplash.com/photo-1586397871428-fe5f172e6e87?ixlib=rb-1.2.1&q=80&fm=jpg&crop=entropy&cs=tinysrgb&w=1080&fit=max&ixid=eyJhcHBfaWQiOjk2MzA1fQ,https://images.unsplash.com/photo-1586397871428-fe5f172e6e87?ixlib=rb-1.2.1&q=80&fm=jpg&crop=entropy&cs=tinysrgb&w=400&fit=max&ixid=eyJhcHBfaWQiOjk2MzA1fQ,https://images.unsplash.com/photo-1586397871428-fe5f172e6e87?ixlib=rb-1.2.1&q=80&fm=jpg&crop=entropy&cs=tinysrgb&w=200&fit=max&ixid=eyJhcHBfaWQiOjk2MzA1fQ,https://api.unsplash.com/photos/ykDdrtrbayk,https://unsplash.com/photos/ykDdrtrbayk,https://unsplash.com/photos/ykDdrtrbayk/download,https://api.unsplash.com/photos/ykDdrtrbayk/download,12,false,aW3_BD8R7wY,2020-04-09T10:09:02-04:00,royaannmiller,roya ann miller,roya ann,miller,royaannmiller,http://www.royaannmiller.com,,""Pasadena, CA"",https://api.unsplash.com/users/royaannmiller,https://unsplash.com/@royaannmiller,https://api.unsplash.com/users/royaannmiller/photos,https://api.unsplash.com/users/royaannmiller/likes,https://api.unsplash.com/users/royaannmiller/portfolio,https://api.unsplash.com/users/royaannmiller/following,https://api.unsplash.com/users/royaannmiller/followers,https://images.unsplash.com/profile-1465318440583-698881dcff76?ixlib=rb-1.2.1&q=80&fm=jpg&crop=faces&cs=tinysrgb&fit=crop&h=32&w=32,https://images.unsplash.com/profile-1465318440583-698881dcff76?ixlib=rb-1.2.1&q=80&fm=jpg&crop=faces&cs=tinysrgb&fit=crop&h=64&w=64,https://images.unsplash.com/profile-1465318440583-698881dcff76?ixlib=rb-1.2.1&q=80&fm=jpg&crop=faces&cs=tinysrgb&fit=crop&h=128&w=128,royamiller,0,1,70,true,,,,,,,,,,,,,,,,,,,,,,,,,,,"
A_HiWPaM77s,2020-04-08T21:53:45-04:00,2020-04-09T10:06:04-04:00,2020-04-09T10:06:04-04:00,3840,4800,#1B0F0C,Please follow me on instagram! @chrishenry,white and brown cow on green grass during daytime,https://images.unsplash.com/photo-1586397148264-449dc97acbe0?ixlib=rb-1.2.1&ixid=eyJhcHBfaWQiOjk2MzA1fQ,https://images.unsplash.com/photo-1586397148264-449dc97acbe0?ixlib=rb-1.2.1&q=85&fm=jpg&crop=entropy&cs=srgb&ixid=eyJhcHBfaWQiOjk2MzA1fQ,https://images.unsplash.com/photo-1586397148264-449dc97acbe0?ixlib=rb-1.2.1&q=80&fm=jpg&crop=entropy&cs=tinysrgb&w=1080&fit=max&ixid=eyJhcHBfaWQiOjk2MzA1fQ,https://images.unsplash.com/photo-1586397148264-449dc97acbe0?ixlib=rb-1.2.1&q=80&fm=jpg&crop=entropy&cs=tinysrgb&w=400&fit=max&ixid=eyJhcHBfaWQiOjk2MzA1fQ,https://images.unsplash.com/photo-1586397148264-449dc97acbe0?ixlib=rb-1.2.1&q=80&fm=jpg&crop=entropy&cs=tinysrgb&w=200&fit=max&ixid=eyJhcHBfaWQiOjk2MzA1fQ,https://api.unsplash.com/photos/A_HiWPaM77s,https://unsplash.com/photos/A_HiWPaM77s,https://unsplash.com/photos/A_HiWPaM77s/download,https://api.unsplash.com/photos/A_HiWPaM77s/download,32,false,pNqsZST0qWo,2020-04-09T13:33:19-04:00,chrishenryphoto,Chris Henry,Chris,Henry,,http://instagram.com/chrishenry,All I ask is that you please follow me on Instagram! @chrishenry,,https://api.unsplash.com/users/chrishenryphoto,https://unsplash.com/@chrishenryphoto,https://api.unsplash.com/users/chrishenryphoto/photos,https://api.unsplash.com/users/chrishenryphoto/likes,https://api.unsplash.com/users/chrishenryphoto/portfolio,https://api.unsplash.com/users/chrishenryphoto/following,https://api.unsplash.com/users/chrishenryphoto/followers,https://images.unsplash.com/profile-1584482088812-98c4cbadf509image?ixlib=rb-1.2.1&q=80&fm=jpg&crop=faces&cs=tinysrgb&fit=crop&h=32&w=32,https://images.unsplash.com/profile-1584482088812-98c4cbadf509image?ixlib=rb-1.2.1&q=80&fm=jpg&crop=faces&cs=tinysrgb&fit=crop&h=64&w=64,https://images.unsplash.com/profile-1584482088812-98c4cbadf509image?ixlib=rb-1.2.1&q=80&fm=jpg&crop=faces&cs=tinysrgb&fit=crop&h=128&w=128,chrishenry,0,0,106,true,,,,,,,,,,,,,,,,,,,,,,,,,,,